{"JP Faulkner":11.454545454545455,"JJ Bumrah":3.4285714285714284,"Kamran Khan":12.857142857142858,"BAW Mendis":27,"J Theron":10.8,"M Muralitharan":15,"R Vinay Kumar":20,"DW Steyn":15,"UT Yadav":15,"R Rampaul":13.2,"SP Narine":11,"CH Morris":14,"MG Johnson":18}